MRP,Brand,Processor,RAM,RAM Type,Operating System,Storage Type,Warranty,Storage
36990,Lenovo,I3,8 ,DDR4,WINDOWS,SSD,2 YEAR,256 
39990,Lenovo,I3,8 ,DDR4,WINDOWS,SSD,2 YEAR,512 
32990,ASUS,I3,8 ,DDR4,WINDOWS,SSD,1 YEAR,512 
49990,HP,RYZEN,8 ,DDR4,WINDOWS,SSD,1 YEAR,512 
49990,ASUS,I5,8 ,DDR4,WINDOWS,SSD,1 YEAR,512 
36990,HP,I3,8 ,DDR4,WINDOWS,SSD,1 YEAR,256 
38990,DELL,I3,8 ,DDR4,WINDOWS,SSD,1 YEAR,256 
39990,RedmiBook,I5,8 ,DDR4,WINDOWS,SSD,1 YEAR,512 
46990,realme,I3,8 ,DDR4,WINDOWS,SSD,1 YEAR,256 
44990,ASUS,RYZEN,16 ,DDR4,WINDOWS,SSD,1 YEAR,512 
59990,HP,RYZEN,8 ,DDR4,WINDOWS,SSD,1 YEAR,512 
38705,Lenovo,RYZEN,8 ,DDR4,WINDOWS,SSD,2 YEAR,512 
32990,ASUS,I3,8 ,DDR4,WINDOWS,SSD,1 YEAR,256 
52990,ASUS,RYZEN,8 ,DDR4,WINDOWS,SSD,1 YEAR,512 
29990,acer,I3,8 ,DDR4,WINDOWS,SSD,1 YEAR,256 
196990,ASUS,RYZEN,16 ,DDR5,WINDOWS,SSD,1 YEAR,1 
47990,ASUS,I5,8 ,DDR4,WINDOWS,SSD,1 YEAR,256 
45990,ASUS,I5,8 ,DDR4,WINDOWS,SSD,1 YEAR,512 
47990,MSI,RYZEN,8 ,DDR4,WINDOWS,SSD,1 YEAR,512 
85990,ASUS,RYZEN,16 ,DDR4,WINDOWS,SSD,1 YEAR,1 
88990,APPLE,OTHER,8 ,DDR4,MAC,SSD,1 YEAR,256 
40990,HP,I3,8 ,DDR4,WINDOWS,SSD,1 YEAR,512 
19490,Lenovo,OTHER,4 ,DDR4,OTHER,SSD,1 YEAR,256 
35590,Lenovo,RYZEN,8 ,DDR4,WINDOWS,SSD,2 YEAR,512 
65990,HP,I5,8 ,DDR4,WINDOWS,SSD,1 YEAR,512 
39990,RedmiBook,I5,8 ,DDR4,WINDOWS,SSD,1 YEAR,512 
39990,Lenovo,I3,8 ,DDR4,WINDOWS,SSD,2 YEAR,512 
196990,ASUS,RYZEN,16 ,DDR5,WINDOWS,SSD,1 YEAR,1 
58990,acer,I5,16 ,DDR4,WINDOWS,SSD,1 YEAR,512 
46990,realme,I3,8 ,DDR4,WINDOWS,SSD,1 YEAR,256 
38705,Lenovo,RYZEN,8 ,DDR4,WINDOWS,SSD,2 YEAR,512 
85990,ASUS,RYZEN,16 ,DDR4,WINDOWS,SSD,1 YEAR,1 
24990,acer,RYZEN,8 ,DDR4,WINDOWS,SSD,1 YEAR,256 
47990,acer,RYZEN,8 ,DDR4,WINDOWS,SSD,1 YEAR,512 
73990,ASUS,RYZEN,8 ,DDR4,WINDOWS,SSD,1 YEAR,512 
53490,Lenovo,I5,8 ,DDR4,WINDOWS,SSD,2 YEAR,512 
35590,Lenovo,RYZEN,8 ,DDR4,WINDOWS,SSD,2 YEAR,512 
150990,ASUS,RYZEN,16 ,DDR4,WINDOWS,SSD,1 YEAR,1 
51990,Lenovo,I5,8 ,DDR4,WINDOWS,SSD,1 YEAR,512 
66990,ASUS,I5,16 ,DDR4,WINDOWS,SSD,1 YEAR,512 
36990,Lenovo,I3,8 ,DDR4,WINDOWS,SSD,2 YEAR,256 
194990,ASUS,RYZEN,16 ,DDR5,WINDOWS,SSD,1 YEAR,1 
51990,acer,RYZEN,16 ,DDR4,WINDOWS,SSD,1 YEAR,512 
25990,HP,OTHER,8 ,DDR4,WINDOWS,SSD,1 YEAR,256 
35990,acer,RYZEN,8 ,DDR4,WINDOWS,SSD,1 YEAR,512 
43990,ASUS,I5,8 ,DDR4,WINDOWS,SSD,1 YEAR,512 
44990,Lenovo,RYZEN,8 ,DDR4,WINDOWS,SSD,2 YEAR,512 
64490,Lenovo,RYZEN,8 ,DDR4,WINDOWS,SSD,1 YEAR,512 
40990,ASUS,I3,8 ,DDR4,WINDOWS,SSD,1 YEAR,256 
38990,ASUS,I3,8 ,DDR4,WINDOWS,SSD,1 YEAR,512 
36990,Lenovo,I3,8 ,DDR4,WINDOWS,SSD,2 YEAR,256 
39990,RedmiBook,I5,8 ,DDR4,WINDOWS,SSD,1 YEAR,512 
58990,HP,I5,8 ,DDR4,WINDOWS,SSD,1 YEAR,512 
59990,realme,I5,8 ,DDR4,WINDOWS,SSD,1 YEAR,512 
47990,acer,I5,8 ,DDR4,WINDOWS,SSD,1 YEAR,512 
37499,HP,RYZEN,8 ,DDR4,WINDOWS,SSD,1 YEAR,512 
196990,ASUS,RYZEN,16 ,DDR5,WINDOWS,SSD,1 YEAR,1 
38705,Lenovo,RYZEN,8 ,DDR4,WINDOWS,SSD,2 YEAR,512 
94990,ASUS,RYZEN,8 ,DDR4,WINDOWS,SSD,1 YEAR,1 
32990,ASUS,I3,8 ,DDR4,WINDOWS,SSD,1 YEAR,512 
85990,ASUS,RYZEN,16 ,DDR4,WINDOWS,SSD,1 YEAR,1 
35590,Lenovo,RYZEN,8 ,DDR4,WINDOWS,SSD,2 YEAR,512 
23990,ASUS,OTHER,4 ,DDR4,WINDOWS,SSD,1 YEAR,256 
48990,HP,RYZEN,16 ,DDR4,WINDOWS,SSD,1 YEAR,512 
139990,APPLE,OTHER,8 ,OTHER,MAC,SSD,1 YEAR,512 
89990,ASUS,RYZEN,16 ,DDR4,WINDOWS,SSD,1 YEAR,512 
150990,ASUS,RYZEN,16 ,DDR4,WINDOWS,SSD,1 YEAR,1 
39990,Lenovo,I3,8 ,DDR4,WINDOWS,SSD,2 YEAR,512 
59990,ASUS,RYZEN,8 ,DDR4,WINDOWS,SSD,1 YEAR,1 
70990,DELL,RYZEN,16 ,DDR4,WINDOWS,SSD,1 YEAR,512 
194990,ASUS,RYZEN,16 ,DDR5,WINDOWS,SSD,1 YEAR,1 
44990,Lenovo,RYZEN,8 ,DDR4,WINDOWS,SSD,2 YEAR,512 
22990,Infinix,OTHER,8 ,DDR4,WINDOWS,SSD,1 YEAR,256 
46990,HP,RYZEN,8 ,DDR4,WINDOWS,SSD,1 YEAR,512 
50990,ASUS,I5,8 ,DDR4,WINDOWS,SSD,1 YEAR,256 
28990,Infinix,I3,8 ,DDR4,WINDOWS,SSD,1 YEAR,256 
39990,RedmiBook,I5,8 ,DDR4,WINDOWS,SSD,1 YEAR,512 
38705,Lenovo,RYZEN,8 ,DDR4,WINDOWS,SSD,2 YEAR,512 
84990,MSI,I7,16 ,DDR4,WINDOWS,SSD,2 YEAR,512 
181990,APPLE,OTHER,16 ,OTHER,MAC,SSD,1 YEAR,512 
196990,ASUS,RYZEN,16 ,DDR5,WINDOWS,SSD,1 YEAR,1 
85990,ASUS,RYZEN,16 ,DDR4,WINDOWS,SSD,1 YEAR,1 
109990,MSI,RYZEN,16 ,DDR4,WINDOWS,SSD,1 YEAR,1 
32990,SAMSUNG,OTHER,4 ,DDR4,WINDOWS,OTHER,1 YEAR,OTHER
37990,Infinix,I5,16 ,DDR4,WINDOWS,SSD,1 YEAR,512 
139990,APPLE,OTHER,8 ,OTHER,MAC,SSD,1 YEAR,512 
35590,Lenovo,RYZEN,8 ,DDR4,WINDOWS,SSD,2 YEAR,512 
150990,ASUS,RYZEN,16 ,DDR4,WINDOWS,SSD,1 YEAR,1 
29990,Lenovo,I3,4 ,DDR4,WINDOWS,SSD,1 YEAR,256 
19490,Lenovo,OTHER,4 ,DDR4,OTHER,OTHER,1 YEAR,OTHER
36990,Lenovo,I3,8 ,DDR4,WINDOWS,SSD,2 YEAR,256 
73490,Lenovo,RYZEN,8 ,DDR4,WINDOWS,SSD,1 YEAR,512 
52990,ASUS,RYZEN,8 ,DDR4,WINDOWS,SSD,1 YEAR,256 
41890,HP,I3,8 ,DDR4,WINDOWS,SSD,1 YEAR,512 
30428,DELL,OTHER,8 ,DDR4,WINDOWS,SSD,1 YEAR,256 
34990,acer,I3,8 ,DDR4,WINDOWS,SSD,1 YEAR,512 
19490,Lenovo,OTHER,4 ,DDR4,OTHER,OTHER,1 YEAR,OTHER
29990,Lenovo,I3,4 ,DDR4,WINDOWS,SSD,1 YEAR,256 
88990,APPLE,OTHER,8 ,DDR4,MAC,SSD,1 YEAR,256 
36990,Lenovo,I3,8 ,DDR4,WINDOWS,SSD,2 YEAR,256 
65990,MSI,I7,8 ,DDR4,WINDOWS,SSD,2 YEAR,512 
33490,ASUS,I3,8 ,DDR4,WINDOWS,SSD,1 YEAR,512 
60990,HP,I5,16 ,DDR4,WINDOWS,SSD,1 YEAR,512 
39990,Lenovo,I3,8 ,DDR4,WINDOWS,SSD,2 YEAR,512 
46990,HP,RYZEN,8 ,DDR4,WINDOWS,SSD,1 YEAR,512 
59990,ASUS,RYZEN,16 ,DDR4,WINDOWS,SSD,1 YEAR,512 
114990,MSI,I7,16 ,DDR4,WINDOWS,SSD,2 YEAR,1 
39990,RedmiBook,I5,8 ,DDR4,WINDOWS,SSD,1 YEAR,512 
119990,ASUS,I7,16 ,DDR4,WINDOWS,SSD,1 YEAR,1 
42990,Infinix,I5,8 ,DDR4,WINDOWS,SSD,1 YEAR,512 
89990,ASUS,I5,16 ,DDR5,WINDOWS,SSD,1 YEAR,512 
38705,Lenovo,RYZEN,8 ,DDR4,WINDOWS,SSD,2 YEAR,512 
79990,MSI,RYZEN,8 ,DDR4,WINDOWS,SSD,1 YEAR,512 
70990,ASUS,I5,8 ,DDR4,WINDOWS,SSD,1 YEAR,1 
33900,Lenovo,I3,8 ,DDR4,WINDOWS,SSD,1 YEAR,256 
196990,ASUS,RYZEN,16 ,DDR5,WINDOWS,SSD,1 YEAR,1 
59990,realme,I5,8 ,DDR4,WINDOWS,SSD,1 YEAR,512 
52990,Infinix,I7,16 ,DDR4,WINDOWS,SSD,1 YEAR,512 
124990,APPLE,OTHER,16 ,DDR4,MAC,SSD,1 YEAR,512 
85990,ASUS,RYZEN,16 ,DDR4,WINDOWS,SSD,1 YEAR,1 
31990,RedmiBook,I3,8 ,DDR4,WINDOWS,SSD,1 YEAR,256 
66990,acer,RYZEN,16 ,DDR4,WINDOWS,SSD,1 YEAR,512 
89081,DELL,RYZEN,16 ,DDR4,WINDOWS,SSD,1 YEAR,512 
36990,Lenovo,I3,8 ,DDR4,WINDOWS,SSD,2 YEAR,256 
104990,APPLE,OTHER,8 ,DDR4,MAC,SSD,1 YEAR,512 
53490,Lenovo,I5,8 ,DDR4,WINDOWS,SSD,2 YEAR,512 
45990,ASUS,I3,8 ,DDR4,WINDOWS,SSD,1 YEAR,256 
39990,Lenovo,I3,8 ,DDR4,WINDOWS,SSD,2 YEAR,512 
45990,ASUS,I3,8 ,DDR4,WINDOWS,SSD,1 YEAR,512 
51990,MSI,I5,8 ,DDR4,WINDOWS,SSD,2 YEAR,512 
75990,HP,RYZEN,16 ,DDR4,WINDOWS,SSD,1 YEAR,512 
39990,RedmiBook,I5,8 ,DDR4,WINDOWS,SSD,1 YEAR,512 
36990,Lenovo,I3,8 ,DDR4,WINDOWS,SSD,2 YEAR,256 
78800,HP,I5,16 ,DDR4,WINDOWS,SSD,1 YEAR,512 
29390,HP,OTHER,8 ,DDR4,WINDOWS,SSD,1 YEAR,512 
38705,Lenovo,RYZEN,8 ,DDR4,WINDOWS,SSD,2 YEAR,512 
30990,Infinix,I3,8 ,DDR4,WINDOWS,SSD,1 YEAR,256 
62490,Lenovo,I5,16 ,DDR4,WINDOWS,SSD,2 YEAR,512 
89990,ASUS,I7,16 ,DDR4,WINDOWS,SSD,1 YEAR,512 
196990,ASUS,RYZEN,16 ,DDR5,WINDOWS,SSD,1 YEAR,1 
58899,HP,I5,8 ,DDR4,WINDOWS,SSD,1 YEAR,512 
85990,MSI,I5,16 ,DDR4,WINDOWS,SSD,2 YEAR,512 
33099,DELL,RYZEN,8 ,DDR4,WINDOWS,HDD,1 YEAR,1 
85990,ASUS,RYZEN,16 ,DDR4,WINDOWS,SSD,1 YEAR,1 
73490,Lenovo,RYZEN,8 ,DDR4,WINDOWS,SSD,1 YEAR,512 
63490,Lenovo,I5,8 ,DDR4,WINDOWS,SSD,1 YEAR,256 
36990,Lenovo,I3,8 ,DDR4,WINDOWS,SSD,2 YEAR,256 
39990,Lenovo,I3,8 ,DDR4,WINDOWS,SSD,2 YEAR,512 
38990,ASUS,RYZEN,8 ,DDR4,WINDOWS,SSD,1 YEAR,512 
67990,HP,I5,8 ,DDR4,WINDOWS,SSD,1 YEAR,512 
39990,RedmiBook,I5,8 ,DDR4,WINDOWS,SSD,1 YEAR,512 
196990,ASUS,RYZEN,16 ,DDR5,WINDOWS,SSD,1 YEAR,1 
39790,HP,I3,8 ,DDR4,WINDOWS,SSD,1 YEAR,512 
241990,APPLE,OTHER,16 ,OTHER,MAC,SSD,1 YEAR,1 
104990,APPLE,OTHER,8 ,DDR4,MAC,SSD,1 YEAR,512 
42190,DELL,RYZEN,8 ,DDR4,WINDOWS,SSD,1 YEAR,512 
38705,Lenovo,RYZEN,8 ,DDR4,WINDOWS,SSD,2 YEAR,512 
85990,ASUS,RYZEN,16 ,DDR4,WINDOWS,SSD,1 YEAR,1 
39990,ASUS,I3,8 ,DDR4,WINDOWS,SSD,1 YEAR,512 
99990,ASUS,I7,16 ,DDR5,WINDOWS,SSD,1 YEAR,1 
35590,Lenovo,RYZEN,8 ,DDR4,WINDOWS,SSD,2 YEAR,512 
150990,ASUS,RYZEN,16 ,DDR4,WINDOWS,SSD,1 YEAR,1 
309490,APPLE,OTHER,32 ,OTHER,MAC,SSD,1 YEAR,1 
64990,ASUS,I5,16 ,DDR4,WINDOWS,SSD,1 YEAR,256 
89990,ASUS,RYZEN,16 ,DDR4,WINDOWS,SSD,1 YEAR,512 
85990,ASUS,RYZEN,16 ,DDR4,WINDOWS,SSD,1 YEAR,512 
194990,ASUS,RYZEN,16 ,DDR5,WINDOWS,SSD,1 YEAR,1 
44990,Lenovo,RYZEN,8 ,DDR4,WINDOWS,SSD,2 YEAR,512 
222990,APPLE,OTHER,16 ,OTHER,MAC,SSD,1 YEAR,1 
15990,Ultimus,OTHER,4 ,DDR4,OTHER,SSD,1 YEAR,128 
36990,Lenovo,I3,8 ,DDR4,WINDOWS,SSD,2 YEAR,256 
39990,Lenovo,I3,8 ,DDR4,WINDOWS,SSD,2 YEAR,512 
45900,DELL,I3,8 ,DDR4,WINDOWS,SSD,1 YEAR,256 
79990,ASUS,I7,16 ,DDR4,WINDOWS,SSD,1 YEAR,512 
56990,ASUS,I5,8 ,DDR4,WINDOWS,SSD,1 YEAR,512 
34990,DELL,RYZEN,8 ,DDR4,WINDOWS,SSD,1 YEAR,256 
39990,RedmiBook,I5,8 ,DDR4,WINDOWS,SSD,1 YEAR,512 
196990,ASUS,RYZEN,16 ,DDR5,WINDOWS,SSD,1 YEAR,1 
43580,DELL,I3,8 ,DDR4,WINDOWS,SSD,1 YEAR,512 
74990,Lenovo,RYZEN,16 ,DDR4,WINDOWS,SSD,1 YEAR,512 
38705,Lenovo,RYZEN,8 ,DDR4,WINDOWS,SSD,2 YEAR,512 
85990,ASUS,RYZEN,16 ,DDR4,WINDOWS,SSD,1 YEAR,1 
37490,Lenovo,I3,8 ,DDR4,WINDOWS,SSD,2 YEAR,512 
20990,Infinix,OTHER,4 ,DDR4,WINDOWS,SSD,1 YEAR,128 
109990,MSI,I7,16 ,DDR4,WINDOWS,SSD,2 YEAR,512 
71990,ASUS,I5,16 ,DDR4,WINDOWS,SSD,1 YEAR,512 
35590,Lenovo,RYZEN,8 ,DDR4,WINDOWS,SSD,2 YEAR,512 
150990,ASUS,RYZEN,16 ,DDR4,WINDOWS,SSD,1 YEAR,1 
32990,Infinix,I3,8 ,DDR4,WINDOWS,SSD,1 YEAR,512 
43990,MSI,RYZEN,8 ,DDR4,WINDOWS,SSD,1 YEAR,512 
73490,Lenovo,RYZEN,8 ,DDR4,WINDOWS,SSD,1 YEAR,512 
194990,ASUS,RYZEN,16 ,DDR5,WINDOWS,SSD,1 YEAR,1 
25990,acer,RYZEN,8 ,DDR4,WINDOWS,SSD,1 YEAR,256 
122990,ASUS,I9,16 ,DDR4,WINDOWS,SSD,1 YEAR,1 
68990,acer,I5,16 ,DDR4,WINDOWS,SSD,1 YEAR,512 
59990,acer,I5,8 ,DDR4,WINDOWS,SSD,1 YEAR,512 
36990,Lenovo,I3,8 ,DDR4,WINDOWS,SSD,2 YEAR,256 
39990,Lenovo,I3,8 ,DDR4,WINDOWS,SSD,2 YEAR,512 
39990,acer,RYZEN,8 ,DDR4,WINDOWS,SSD,1 YEAR,512 
37990,ASUS,I3,8 ,DDR4,WINDOWS,HDD,1 YEAR,1 
39990,RedmiBook,I5,8 ,DDR4,WINDOWS,SSD,1 YEAR,512 
196990,ASUS,RYZEN,16 ,DDR5,WINDOWS,SSD,1 YEAR,1 
25950,Lenovo,OTHER,4 ,DDR4,WINDOWS,SSD,1 YEAR,256 
64999,realme,I5,16 ,DDR4,WINDOWS,SSD,1 YEAR,512 
60990,HP,RYZEN,8 ,DDR4,WINDOWS,SSD,1 YEAR,512 
36990,ASUS,I3,8 ,DDR4,WINDOWS,SSD,1 YEAR,512 
38705,Lenovo,RYZEN,8 ,DDR4,WINDOWS,SSD,2 YEAR,512 
85990,ASUS,RYZEN,16 ,DDR4,WINDOWS,SSD,1 YEAR,1 
59990,SAMSUNG,I5,8 ,DDR4,WINDOWS,SSD,1 YEAR,256 
222990,APPLE,OTHER,16 ,OTHER,MAC,SSD,1 YEAR,512 
35590,Lenovo,RYZEN,8 ,DDR4,WINDOWS,SSD,2 YEAR,512 
150990,ASUS,RYZEN,16 ,DDR4,WINDOWS,SSD,1 YEAR,1 
235283,DELL,I9,16 ,DDR5,WINDOWS,SSD,1 YEAR,1 
38990,DELL,I3,8 ,DDR4,WINDOWS,SSD,1 YEAR,512 
67990,ASUS,RYZEN,16 ,DDR4,WINDOWS,SSD,1 YEAR,512 
79990,MSI,I5,16 ,DDR4,WINDOWS,SSD,2 YEAR,512 
36990,Lenovo,I3,8 ,DDR4,WINDOWS,SSD,2 YEAR,256 
39990,RedmiBook,I5,8 ,DDR4,WINDOWS,SSD,1 YEAR,512 
67990,ASUS,RYZEN,16 ,DDR4,WINDOWS,SSD,1 YEAR,512 
79990,MSI,I5,16 ,DDR4,WINDOWS,SSD,2 YEAR,512 
196990,ASUS,RYZEN,16 ,DDR5,WINDOWS,SSD,1 YEAR,1 
38705,Lenovo,RYZEN,8 ,DDR4,WINDOWS,SSD,2 YEAR,512 
89990,ASUS,I5,16 ,DDR5,WINDOWS,SSD,1 YEAR,512 
241990,ASUS,I9,32 ,DDR5,WINDOWS,SSD,1 YEAR,1 
43490,ASUS,I5,8 ,DDR4,WINDOWS,SSD,1 YEAR,512 
46990,realme,I3,8 ,DDR4,WINDOWS,SSD,1 YEAR,256 
85990,ASUS,RYZEN,16 ,DDR4,WINDOWS,SSD,1 YEAR,1 
35590,Lenovo,RYZEN,8 ,DDR4,WINDOWS,SSD,2 YEAR,512 
40990,Vaio,RYZEN,8 ,DDR4,WINDOWS,SSD,2 YEAR,512 
94990,APPLE,OTHER,8 ,DDR4,MAC,SSD,1 YEAR,256 
150990,ASUS,RYZEN,16 ,DDR4,WINDOWS,SSD,1 YEAR,1 
39990,Lenovo,I3,8 ,DDR4,WINDOWS,SSD,2 YEAR,512 
114990,MSI,I7,16 ,DDR4,WINDOWS,SSD,2 YEAR,1 
121990,APPLE,OTHER,8 ,OTHER,MAC,SSD,1 YEAR,256 
37990,ASUS,I3,8 ,DDR4,WINDOWS,HDD,1 YEAR,1 
27990,ASUS,OTHER,8 ,DDR4,WINDOWS,SSD,1 YEAR,256 
194990,ASUS,RYZEN,16 ,DDR5,WINDOWS,SSD,1 YEAR,1 
44990,Lenovo,RYZEN,8 ,DDR4,WINDOWS,SSD,2 YEAR,512 
40190,DELL,RYZEN,8 ,DDR4,WINDOWS,SSD,1 YEAR,512 
34990,Lenovo,RYZEN,8 ,DDR4,WINDOWS,SSD,1 YEAR,512 
39990,Lenovo,I3,8 ,DDR4,WINDOWS,SSD,2 YEAR,512 
39990,RedmiBook,I5,8 ,DDR4,WINDOWS,SSD,1 YEAR,512 
94990,ASUS,I7,16 ,DDR4,WINDOWS,SSD,1 YEAR,1 
69990,Lenovo,I5,8 ,DDR4,WINDOWS,SSD,1 YEAR,512 
59990,ASUS,I5,8 ,DDR4,WINDOWS,SSD,1 YEAR,512 
66990,ASUS,I5,16 ,DDR4,WINDOWS,SSD,1 YEAR,512 
196990,ASUS,RYZEN,16 ,DDR5,WINDOWS,SSD,1 YEAR,1 
38705,Lenovo,RYZEN,8 ,DDR4,WINDOWS,SSD,2 YEAR,512 
104990,ASUS,I7,16 ,DDR4,WINDOWS,SSD,1 YEAR,512 
54900,DELL,I3,8 ,DDR4,WINDOWS,SSD,1 YEAR,256 
85990,ASUS,RYZEN,16 ,DDR4,WINDOWS,SSD,1 YEAR,1 
35590,Lenovo,RYZEN,8 ,DDR4,WINDOWS,SSD,2 YEAR,512 
136990,Lenovo,RYZEN,16 ,DDR4,WINDOWS,SSD,1 YEAR,1 
48184,DELL,RYZEN,8 ,DDR4,WINDOWS,SSD,1 YEAR,512 
74990,ASUS,I5,16 ,DDR4,WINDOWS,SSD,1 YEAR,512 
60990,acer,I5,8 ,DDR4,WINDOWS,SSD,1 YEAR,512 
150990,ASUS,RYZEN,16 ,DDR4,WINDOWS,SSD,1 YEAR,1 
36990,Lenovo,I3,8 ,DDR4,WINDOWS,SSD,2 YEAR,256 
49990,HP,RYZEN,8 ,DDR4,WINDOWS,SSD,1 YEAR,512 
67990,DELL,I5,8 ,DDR4,WINDOWS,SSD,1 YEAR,512 
194990,ASUS,RYZEN,16 ,DDR5,WINDOWS,SSD,1 YEAR,1 
44990,Lenovo,RYZEN,8 ,DDR4,WINDOWS,SSD,2 YEAR,512 
58000,Lenovo,I5,8 ,DDR4,WINDOWS,SSD,2 YEAR,512 
29990,Infinix,I3,8 ,DDR4,WINDOWS,SSD,1 YEAR,256 
114990,ASUS,RYZEN,16 ,DDR5,WINDOWS,SSD,1 YEAR,1 
33990,HP,RYZEN,8 ,DDR4,WINDOWS,SSD,1 YEAR,512 
39990,RedmiBook,I5,8 ,DDR4,WINDOWS,SSD,1 YEAR,512 
196990,ASUS,RYZEN,16 ,DDR5,WINDOWS,SSD,1 YEAR,1 
64990,ASUS,RYZEN,16 ,DDR4,WINDOWS,SSD,1 YEAR,512 
79990,Lenovo,I5,16 ,DDR4,WINDOWS,SSD,1 YEAR,512 
38705,Lenovo,RYZEN,8 ,DDR4,WINDOWS,SSD,2 YEAR,512 
85990,ASUS,RYZEN,16 ,DDR4,WINDOWS,SSD,1 YEAR,1 
28990,Infinix,I3,8 ,DDR4,WINDOWS,SSD,1 YEAR,256 
56990,ASUS,RYZEN,8 ,DDR4,WINDOWS,SSD,1 YEAR,512 
81990,HP,RYZEN,16 ,DDR4,WINDOWS,SSD,1 YEAR,512 
129990,MSI,I7,16 ,DDR4,WINDOWS,SSD,2 YEAR,1 
35590,Lenovo,RYZEN,8 ,DDR4,WINDOWS,SSD,2 YEAR,512 
150990,ASUS,RYZEN,16 ,DDR4,WINDOWS,SSD,1 YEAR,1 
38990,DELL,RYZEN,8 ,DDR4,WINDOWS,HDD,1 YEAR,1 
79990,HP,RYZEN,16 ,DDR4,WINDOWS,SSD,1 YEAR,256 
36990,Lenovo,I3,8 ,DDR4,WINDOWS,SSD,2 YEAR,256 
39990,Lenovo,I3,8 ,DDR4,WINDOWS,SSD,2 YEAR,512 
139990,APPLE,OTHER,8 ,OTHER,MAC,SSD,1 YEAR,512 
109990,ASUS,I7,16 ,DDR5,WINDOWS,SSD,1 YEAR,1 
154990,ASUS,RYZEN,16 ,DDR5,WINDOWS,SSD,1 YEAR,1 
62990,Lenovo,I5,16 ,DDR4,WINDOWS,SSD,1 YEAR,512 
194990,ASUS,RYZEN,16 ,DDR5,WINDOWS,SSD,1 YEAR,1 
44990,Lenovo,RYZEN,8 ,DDR4,WINDOWS,SSD,2 YEAR,512 
47990,ASUS,I3,8 ,DDR4,WINDOWS,SSD,1 YEAR,512 
43667,DELL,RYZEN,8 ,DDR4,WINDOWS,SSD,1 YEAR,512 
135990,ASUS,RYZEN,16 ,DDR5,WINDOWS,SSD,1 YEAR,1 
36990,Lenovo,I3,8 ,DDR4,WINDOWS,SSD,2 YEAR,256 
98990,ASUS,RYZEN,16 ,DDR5,WINDOWS,SSD,1 YEAR,512 
46990,Infinix,I7,16 ,DDR4,WINDOWS,SSD,1 YEAR,512 
35990,ASUS,I3,8 ,DDR4,WINDOWS,SSD,1 YEAR,256 
39990,Lenovo,I3,8 ,DDR4,WINDOWS,SSD,2 YEAR,512 
109990,ASUS,I7,16 ,DDR5,WINDOWS,SSD,1 YEAR,1 
139990,APPLE,OTHER,8 ,OTHER,MAC,SSD,1 YEAR,512 
74770,DELL,I5,8 ,DDR4,WINDOWS,SSD,1 YEAR,512 
39990,RedmiBook,I5,8 ,DDR4,WINDOWS,SSD,1 YEAR,512 
40799,HP,RYZEN,8 ,DDR4,WINDOWS,SSD,1 YEAR,512 
69490,ASUS,I5,16 ,DDR4,WINDOWS,SSD,1 YEAR,512 
39990,ASUS,I3,8 ,DDR4,WINDOWS,SSD,1 YEAR,512 
38705,Lenovo,RYZEN,8 ,DDR4,WINDOWS,SSD,2 YEAR,512 
99990,ASUS,RYZEN,16 ,DDR5,WINDOWS,SSD,1 YEAR,512 
241990,APPLE,OTHER,16 ,OTHER,MAC,SSD,1 YEAR,1 
40990,acer,I5,8 ,DDR4,WINDOWS,SSD,1 YEAR,512 
196990,ASUS,RYZEN,16 ,DDR5,WINDOWS,SSD,1 YEAR,1 
60390,HP,I5,8 ,DDR4,WINDOWS,SSD,1 YEAR,512 
69990,HP,I5,8 ,DDR4,WINDOWS,SSD,1 YEAR,256 
44990,ASUS,I3,8 ,DDR4,WINDOWS,SSD,1 YEAR,256 
85990,ASUS,RYZEN,16 ,DDR4,WINDOWS,SSD,1 YEAR,1 
44990,ASUS,I5,8 ,DDR4,WINDOWS,SSD,1 YEAR,256 
60390,HP,I5,8 ,DDR4,WINDOWS,SSD,1 YEAR,512 
69490,ASUS,I5,16 ,DDR4,WINDOWS,SSD,1 YEAR,512 
40799,HP,RYZEN,8 ,DDR4,WINDOWS,SSD,1 YEAR,512 
39990,Lenovo,I3,8 ,DDR4,WINDOWS,SSD,2 YEAR,512 
39990,RedmiBook,I5,8 ,DDR4,WINDOWS,SSD,1 YEAR,512 
55990,HP,RYZEN,16 ,DDR4,WINDOWS,SSD,1 YEAR,512 
74990,Lenovo,I5,16 ,DDR4,WINDOWS,SSD,1 YEAR,512 
196990,ASUS,RYZEN,16 ,DDR5,WINDOWS,SSD,1 YEAR,1 
38705,Lenovo,RYZEN,8 ,DDR4,WINDOWS,SSD,2 YEAR,512 
69990,HP,I5,8 ,DDR4,WINDOWS,SSD,1 YEAR,256 
44990,ASUS,I3,8 ,DDR4,WINDOWS,SSD,1 YEAR,256 
59990,ASUS,I5,8 ,DDR4,WINDOWS,SSD,1 YEAR,1 
222990,APPLE,OTHER,16 ,OTHER,MAC,SSD,1 YEAR,512 
85990,ASUS,RYZEN,16 ,DDR4,WINDOWS,SSD,1 YEAR,1 
35590,Lenovo,RYZEN,8 ,DDR4,WINDOWS,SSD,2 YEAR,512 
74770,DELL,I5,8 ,DDR4,WINDOWS,SSD,1 YEAR,512 
109990,ASUS,I7,16 ,DDR5,WINDOWS,SSD,1 YEAR,1 
150990,ASUS,RYZEN,16 ,DDR4,WINDOWS,SSD,1 YEAR,1 
36990,Lenovo,I3,8 ,DDR4,WINDOWS,SSD,2 YEAR,256 
62990,acer,RYZEN,8 ,DDR4,WINDOWS,SSD,1 YEAR,512 
40990,acer,I5,8 ,DDR4,WINDOWS,SSD,1 YEAR,512 
58499,MSI,I5,8 ,DDR4,WINDOWS,SSD,2 YEAR,512 
65990,Lenovo,I5,8 ,DDR4,WINDOWS,SSD,1 YEAR,256 
36990,Lenovo,I3,8 ,DDR4,WINDOWS,SSD,2 YEAR,256 
39990,RedmiBook,I5,8 ,DDR4,WINDOWS,SSD,1 YEAR,512 
111990,DELL,I7,16 ,DDR5,WINDOWS,SSD,1 YEAR,512 
68490,Lenovo,I5,16 ,DDR4,WINDOWS,SSD,1 YEAR,512 
196990,ASUS,RYZEN,16 ,DDR5,WINDOWS,SSD,1 YEAR,1 
38705,Lenovo,RYZEN,8 ,DDR4,WINDOWS,SSD,2 YEAR,512 
46990,Infinix,I7,16 ,DDR4,WINDOWS,SSD,1 YEAR,512 
83990,ASUS,I5,8 ,DDR4,WINDOWS,HDD,3 YEAR,1 
54990,acer,I5,8 ,DDR4,WINDOWS,SSD,1 YEAR,512 
14990,ASUS,OTHER,4 ,DDR4,OTHER,OTHER,1 YEAR,OTHER
85990,ASUS,RYZEN,16 ,DDR4,WINDOWS,SSD,1 YEAR,1 
35590,Lenovo,RYZEN,8 ,DDR4,WINDOWS,SSD,2 YEAR,512 
149990,APPLE,OTHER,8 ,DDR4,MAC,SSD,1 YEAR,1 
63090,DELL,I5,8 ,DDR4,WINDOWS,SSD,1 YEAR,512 
150990,ASUS,RYZEN,16 ,DDR4,WINDOWS,SSD,1 YEAR,1 
39990,Lenovo,I3,8 ,DDR4,WINDOWS,SSD,2 YEAR,512 
200000,MSI,I7,16 ,DDR5,WINDOWS,SSD,2 YEAR,1 
37390,Lenovo,I3,8 ,DDR4,WINDOWS,SSD,1 YEAR,256 
63990,ASUS,I5,8 ,DDR4,WINDOWS,SSD,1 YEAR,512 
43090,DELL,I3,8 ,DDR4,WINDOWS,SSD,1 YEAR,512 
194990,ASUS,RYZEN,16 ,DDR5,WINDOWS,SSD,1 YEAR,1 
44990,Lenovo,RYZEN,8 ,DDR4,WINDOWS,SSD,2 YEAR,512 
44700,Lenovo,I3,4 ,DDR4,WINDOWS,SSD,1 YEAR,256 
41150,HP,I3,8 ,DDR4,WINDOWS,SSD,1 YEAR,256 
36990,Lenovo,I3,8 ,DDR4,WINDOWS,SSD,2 YEAR,256 
39990,Lenovo,I3,8 ,DDR4,WINDOWS,SSD,2 YEAR,512 
33990,ASUS,RYZEN,8 ,DDR4,WINDOWS,SSD,1 YEAR,256 
190890,MSI,I7,16 ,DDR5,WINDOWS,SSD,2 YEAR,1 
174990,ASUS,I9,16 ,DDR5,WINDOWS,SSD,1 YEAR,1 
118990,HP,RYZEN,16 ,DDR4,WINDOWS,SSD,1 YEAR,1 
39990,RedmiBook,I5,8 ,DDR4,WINDOWS,SSD,1 YEAR,512 
196990,ASUS,RYZEN,16 ,DDR5,WINDOWS,SSD,1 YEAR,1 
63980,ASUS,I5,16 ,DDR4,WINDOWS,SSD,1 YEAR,512 
54300,acer,RYZEN,8 ,DDR4,WINDOWS,SSD,1 YEAR,512 
38705,Lenovo,RYZEN,8 ,DDR4,WINDOWS,SSD,2 YEAR,512 
85990,ASUS,RYZEN,16 ,DDR4,WINDOWS,SSD,1 YEAR,1 
36400,DELL,RYZEN,8 ,DDR4,WINDOWS,SSD,1 YEAR,256 
28590,ASUS,I3,4 ,DDR4,WINDOWS,SSD,1 YEAR,256 
69999,DELL,RYZEN,16 ,DDR4,WINDOWS,SSD,1 YEAR,512 
301990,ASUS,I9,32 ,DDR5,WINDOWS,SSD,1 YEAR,1 
35590,Lenovo,RYZEN,8 ,DDR4,WINDOWS,SSD,2 YEAR,512 
150990,ASUS,RYZEN,16 ,DDR4,WINDOWS,SSD,1 YEAR,1 
37000,Lenovo,I3,8 ,DDR4,WINDOWS,SSD,2 YEAR,256 
64990,Lenovo,I5,16 ,DDR4,WINDOWS,SSD,1 YEAR,512 
73490,Lenovo,RYZEN,8 ,DDR4,WINDOWS,SSD,1 YEAR,512 
194990,ASUS,RYZEN,16 ,DDR5,WINDOWS,SSD,1 YEAR,1 
42690,DELL,I3,8 ,DDR4,WINDOWS,SSD,1 YEAR,256 
140990,ASUS,RYZEN,16 ,DDR5,WINDOWS,SSD,1 YEAR,1 
38990,Lenovo,I3,4 ,DDR4,WINDOWS,SSD,1 YEAR,256 
128990,HP,I7,16 ,DDR4,WINDOWS,SSD,1 YEAR,512 
54999,acer,I3,8 ,DDR4,WINDOWS,SSD,1 YEAR,512 
36990,Lenovo,I3,8 ,DDR4,WINDOWS,SSD,2 YEAR,256 
60130,acer,I5,8 ,DDR4,WINDOWS,SSD,1 YEAR,256 
29490,acer,OTHER,8 ,DDR4,WINDOWS,SSD,1 YEAR,256 
72490,DELL,I5,8 ,DDR4,WINDOWS,SSD,1 YEAR,512 
39990,Lenovo,I3,8 ,DDR4,WINDOWS,SSD,2 YEAR,512 
73990,GIGABYTE,I5,16 ,DDR4,WINDOWS,SSD,2 YEAR,512 
47130,acer,I5,8 ,DDR4,WINDOWS,HDD,1 YEAR,1 
55600,Lenovo,RYZEN,8 ,DDR4,WINDOWS,SSD,1 YEAR,512 
39990,RedmiBook,I5,8 ,DDR4,WINDOWS,SSD,1 YEAR,512 
49690,DELL,RYZEN,8 ,DDR4,WINDOWS,SSD,1 YEAR,512 
239990,ASUS,I7,32 ,DDR5,WINDOWS,SSD,1 YEAR,1 
73990,MSI,I5,16 ,DDR4,WINDOWS,SSD,2 YEAR,512 
38705,Lenovo,RYZEN,8 ,DDR4,WINDOWS,SSD,2 YEAR,512 
52490,HP,RYZEN,8 ,DDR4,WINDOWS,SSD,1 YEAR,512 
41990,HP,I3,8 ,DDR4,WINDOWS,SSD,1 YEAR,512 
29990,ASUS,OTHER,8 ,DDR4,WINDOWS,SSD,1 YEAR,256 
196990,ASUS,RYZEN,16 ,DDR5,WINDOWS,SSD,1 YEAR,1 
50490,Nokia,I5,8 ,DDR4,WINDOWS,SSD,1 YEAR,512 
96490,acer,I7,16 ,DDR4,WINDOWS,SSD,1 YEAR,512 
37990,Infinix,I5,16 ,DDR4,WINDOWS,SSD,1 YEAR,512 
85990,ASUS,RYZEN,16 ,DDR4,WINDOWS,SSD,1 YEAR,1 
74990,MSI,I5,16 ,DDR4,WINDOWS,SSD,1 YEAR,512 
51990,ASUS,I5,8 ,DDR4,WINDOWS,SSD,1 YEAR,512 
36990,Lenovo,I3,8 ,DDR4,WINDOWS,SSD,2 YEAR,256 
39990,Lenovo,I3,8 ,DDR4,WINDOWS,SSD,2 YEAR,512 
71345,ASUS,RYZEN,8 ,DDR4,WINDOWS,SSD,1 YEAR,256 
101490,ASUS,I7,16 ,DDR4,WINDOWS,SSD,1 YEAR,1 
274990,MSI,I7,32 ,DDR5,WINDOWS,SSD,2 YEAR,1 
199990,ASUS,RYZEN,16 ,DDR5,WINDOWS,SSD,1 YEAR,1 
39990,RedmiBook,I5,8 ,DDR4,WINDOWS,SSD,1 YEAR,512 
196990,ASUS,RYZEN,16 ,DDR5,WINDOWS,SSD,1 YEAR,1 
41090,DELL,I3,8 ,DDR4,WINDOWS,SSD,1 YEAR,256 
50499,Lenovo,I5,8 ,DDR4,WINDOWS,SSD,2 YEAR,256 
38705,Lenovo,RYZEN,8 ,DDR4,WINDOWS,SSD,2 YEAR,512 
85990,ASUS,RYZEN,16 ,DDR4,WINDOWS,SSD,1 YEAR,1 
78950,HP,RYZEN,8 ,DDR4,WINDOWS,SSD,1 YEAR,512 
67990,Lenovo,RYZEN,16 ,DDR4,WINDOWS,SSD,1 YEAR,512 
187990,ASUS,RYZEN,16 ,DDR4,WINDOWS,SSD,1 YEAR,1 
102990,Lenovo,I7,16 ,DDR4,WINDOWS,SSD,1 YEAR,1 
35590,Lenovo,RYZEN,8 ,DDR4,WINDOWS,SSD,2 YEAR,512 
150990,ASUS,RYZEN,16 ,DDR4,WINDOWS,SSD,1 YEAR,1 
35990,ASUS,I3,4 ,DDR4,OTHER,SSD,1 YEAR,256 
52575,HP,RYZEN,8 ,DDR4,WINDOWS,SSD,1 YEAR,512 
73490,Lenovo,RYZEN,8 ,DDR4,WINDOWS,SSD,1 YEAR,512 
194990,ASUS,RYZEN,16 ,DDR5,WINDOWS,SSD,1 YEAR,1 
50990,DELL,RYZEN,8 ,DDR4,WINDOWS,SSD,1 YEAR,512 
60125,Lenovo,I5,16 ,DDR4,WINDOWS,SSD,1 YEAR,512 
26490,Lenovo,OTHER,4 ,DDR4,WINDOWS,SSD,1 YEAR,256 
80249,HP,RYZEN,8 ,DDR4,WINDOWS,SSD,1 YEAR,512 
36990,Lenovo,I3,8 ,DDR4,WINDOWS,SSD,2 YEAR,256 
39990,Lenovo,I3,8 ,DDR4,WINDOWS,SSD,2 YEAR,512 
129999,acer,I5,8 ,DDR4,WINDOWS,SSD,1 YEAR,128 
76990,ASUS,RYZEN,8 ,DDR4,WINDOWS,SSD,1 YEAR,1 
39990,RedmiBook,I5,8 ,DDR4,WINDOWS,SSD,1 YEAR,512 
196990,ASUS,RYZEN,16 ,DDR5,WINDOWS,SSD,1 YEAR,1 
36990,ASUS,I3,8 ,DDR4,WINDOWS,SSD,1 YEAR,512 
107790,MSI,I7,16 ,DDR4,WINDOWS,SSD,2 YEAR,512 
75990,DELL,I5,16 ,DDR4,WINDOWS,SSD,1 YEAR,512 
95990,ASUS,I5,16 ,DDR4,WINDOWS,SSD,1 YEAR,512 
38705,Lenovo,RYZEN,8 ,DDR4,WINDOWS,SSD,2 YEAR,512 
85990,ASUS,RYZEN,16 ,DDR4,WINDOWS,SSD,1 YEAR,1 
61999,acer,I5,8 ,DDR4,WINDOWS,SSD,1 YEAR,512 
28990,HP,OTHER,8 ,DDR4,WINDOWS,SSD,1 YEAR,256 
35590,Lenovo,RYZEN,8 ,DDR4,WINDOWS,SSD,2 YEAR,512 
150990,ASUS,RYZEN,16 ,DDR4,WINDOWS,SSD,1 YEAR,1 
54990,Lenovo,I5,8 ,DDR4,WINDOWS,SSD,1 YEAR,512 
56990,ASUS,I7,16 ,DDR4,WINDOWS,SSD,1 YEAR,512 
45990,ASUS,I5,8 ,DDR4,WINDOWS,SSD,1 YEAR,256 
38216,ASUS,I3,8 ,DDR4,WINDOWS,SSD,1 YEAR,512 
36990,Lenovo,I3,8 ,DDR4,WINDOWS,SSD,2 YEAR,256 
39990,Lenovo,I3,8 ,DDR4,WINDOWS,SSD,2 YEAR,512 
79990,MSI,I7,8 ,DDR4,WINDOWS,SSD,2 YEAR,512 
43990,DELL,I3,4 ,DDR4,WINDOWS,SSD,1 YEAR,256 
39990,RedmiBook,I5,8 ,DDR4,WINDOWS,SSD,1 YEAR,512 
196990,ASUS,RYZEN,16 ,DDR5,WINDOWS,SSD,1 YEAR,1 
108250,HP,RYZEN,16 ,DDR4,WINDOWS,SSD,1 YEAR,1 
28990,ASUS,I3,4 ,DDR4,WINDOWS,HDD,1 YEAR,1 
389990,MSI,I9,32 ,DDR5,WINDOWS,SSD,2 YEAR,2 
67224,DELL,I5,16 ,DDR4,WINDOWS,SSD,1 YEAR,512 
38705,Lenovo,RYZEN,8 ,DDR4,WINDOWS,SSD,2 YEAR,512 
85990,ASUS,RYZEN,16 ,DDR4,WINDOWS,SSD,1 YEAR,1 
114990,acer,RYZEN,16 ,DDR4,WINDOWS,SSD,1 YEAR,256 
61249,ASUS,I5,4 ,DDR4,WINDOWS,HDD,1 YEAR,1 
35590,Lenovo,RYZEN,8 ,DDR4,WINDOWS,SSD,2 YEAR,512 
150990,ASUS,RYZEN,16 ,DDR4,WINDOWS,SSD,1 YEAR,1 
69990,HP,I5,16 ,DDR4,WINDOWS,SSD,1 YEAR,512 
69990,Lenovo,RYZEN,8 ,DDR4,OTHER,SSD,1 YEAR,512 
79990,Lenovo,I5,16 ,DDR4,WINDOWS,SSD,1 YEAR,512 
37990,Lenovo,RYZEN,8 ,DDR4,WINDOWS,SSD,1 YEAR,256 
73490,Lenovo,RYZEN,8 ,DDR4,WINDOWS,SSD,1 YEAR,512 
194990,ASUS,RYZEN,16 ,DDR5,WINDOWS,SSD,1 YEAR,1 
36990,Infinix,I5,8 ,DDR4,WINDOWS,SSD,1 YEAR,512 
29980,ASUS,OTHER,4 ,DDR4,WINDOWS,SSD,1 YEAR,128 
36990,Lenovo,I3,8 ,DDR4,WINDOWS,SSD,2 YEAR,256 
39990,RedmiBook,I5,8 ,DDR4,WINDOWS,SSD,1 YEAR,512 
95990,ASUS,I5,16 ,DDR4,WINDOWS,SSD,1 YEAR,512 
41600,DELL,RYZEN,8 ,DDR4,WINDOWS,SSD,1 YEAR,512 
67224,DELL,I5,16 ,DDR4,WINDOWS,SSD,1 YEAR,512 
61986,ASUS,I5,8 ,DDR4,WINDOWS,SSD,1 YEAR,512 
196990,ASUS,RYZEN,16 ,DDR5,WINDOWS,SSD,1 YEAR,1 
38705,Lenovo,RYZEN,8 ,DDR4,WINDOWS,SSD,2 YEAR,512 
61249,ASUS,I5,4 ,DDR4,WINDOWS,HDD,1 YEAR,1 
38999,HP,RYZEN,8 ,DDR4,WINDOWS,SSD,1 YEAR,256 
85990,ASUS,RYZEN,16 ,DDR4,WINDOWS,SSD,1 YEAR,1 
35590,Lenovo,RYZEN,8 ,DDR4,WINDOWS,SSD,2 YEAR,512 
31990,Lenovo,I3,4 ,DDR4,WINDOWS,SSD,1 YEAR,256 
37990,Lenovo,RYZEN,8 ,DDR4,WINDOWS,SSD,1 YEAR,256 
29980,ASUS,OTHER,4 ,DDR4,WINDOWS,SSD,1 YEAR,128 
46990,ASUS,I5,8 ,DDR4,WINDOWS,SSD,1 YEAR,512 
150990,ASUS,RYZEN,16 ,DDR4,WINDOWS,SSD,1 YEAR,1 
73490,Lenovo,RYZEN,8 ,DDR4,WINDOWS,SSD,1 YEAR,512 
37990,Infinix,I5,8 ,DDR4,WINDOWS,SSD,1 YEAR,512 
36990,Infinix,I5,8 ,DDR4,WINDOWS,SSD,1 YEAR,512 
39990,Lenovo,I3,8 ,DDR4,WINDOWS,SSD,2 YEAR,512 
194990,ASUS,RYZEN,16 ,DDR5,WINDOWS,SSD,1 YEAR,1 
61490,acer,RYZEN,8 ,DDR4,WINDOWS,SSD,1 YEAR,256 
109990,HP,RYZEN,16 ,DDR4,WINDOWS,SSD,1 YEAR,1 
54990,HP,RYZEN,8 ,DDR4,WINDOWS,SSD,1 YEAR,512 
50990,Lenovo,RYZEN,8 ,DDR4,WINDOWS,SSD,2 YEAR,512 
36990,Lenovo,I3,8 ,DDR4,WINDOWS,SSD,2 YEAR,256 
39990,RedmiBook,I5,8 ,DDR4,WINDOWS,SSD,1 YEAR,512 
62190,MSI,I5,8 ,DDR4,WINDOWS,HDD,2 YEAR,1 
24390,ASUS,OTHER,4 ,DDR4,OTHER,OTHER,1 YEAR,OTHER
196990,ASUS,RYZEN,16 ,DDR5,WINDOWS,SSD,1 YEAR,1 
38705,Lenovo,RYZEN,8 ,DDR4,WINDOWS,SSD,2 YEAR,512 
36990,Lenovo,I3,8 ,DDR4,WINDOWS,HDD,2 YEAR,1 
159990,HP,RYZEN,16 ,DDR4,WINDOWS,SSD,1 YEAR,1 
34490,ASUS,I3,4 ,DDR4,WINDOWS,SSD,1 YEAR,256 
99990,ASUS,RYZEN,16 ,DDR4,WINDOWS,SSD,1 YEAR,512 
85990,ASUS,RYZEN,16 ,DDR4,WINDOWS,SSD,1 YEAR,1 
35590,Lenovo,RYZEN,8 ,DDR4,WINDOWS,SSD,2 YEAR,512 
79990,ASUS,I5,8 ,DDR4,WINDOWS,SSD,1 YEAR,512 
20990,Infinix,OTHER,4 ,DDR4,WINDOWS,SSD,1 YEAR,128 
150990,ASUS,RYZEN,16 ,DDR4,WINDOWS,SSD,1 YEAR,1 
39990,Lenovo,I3,8 ,DDR4,WINDOWS,SSD,2 YEAR,512 
41490,HP,I3,8 ,DDR4,WINDOWS,SSD,1 YEAR,256 
206581,DELL,RYZEN,16 ,DDR5,WINDOWS,SSD,1 YEAR,1 
59990,ASUS,RYZEN,8 ,DDR4,WINDOWS,SSD,1 YEAR,512 
62990,acer,I5,16 ,DDR4,WINDOWS,SSD,1 YEAR,512 
194990,ASUS,RYZEN,16 ,DDR5,WINDOWS,SSD,1 YEAR,1 
44990,Lenovo,RYZEN,8 ,DDR4,WINDOWS,SSD,2 YEAR,512 
194990,ASUS,RYZEN,16 ,DDR5,WINDOWS,SSD,1 YEAR,1 
62990,ASUS,RYZEN,8 ,DDR4,WINDOWS,SSD,1 YEAR,256 
39990,RedmiBook,I5,8 ,DDR4,WINDOWS,SSD,1 YEAR,512 
196990,ASUS,RYZEN,16 ,DDR5,WINDOWS,SSD,1 YEAR,1 
61990,Lenovo,RYZEN,8 ,DDR4,WINDOWS,SSD,1 YEAR,512 
105990,ASUS,RYZEN,16 ,DDR5,WINDOWS,SSD,1 YEAR,1 
155490,acer,I7,16 ,DDR5,WINDOWS,SSD,1 YEAR,1 
19990,Ultimus,OTHER,4 ,DDR4,WINDOWS,SSD,1 YEAR,128 
38705,Lenovo,RYZEN,8 ,DDR4,WINDOWS,SSD,2 YEAR,512 
85990,ASUS,RYZEN,16 ,DDR4,WINDOWS,SSD,1 YEAR,1 
33499,Lenovo,I3,4 ,DDR4,WINDOWS,HDD,1 YEAR,1 
42990,Infinix,I5,8 ,DDR4,WINDOWS,SSD,1 YEAR,512 
35590,Lenovo,RYZEN,8 ,DDR4,WINDOWS,SSD,2 YEAR,512 
150990,ASUS,RYZEN,16 ,DDR4,WINDOWS,SSD,1 YEAR,1 
63990,HP,I5,8 ,DDR4,WINDOWS,SSD,1 YEAR,512 
124990,acer,I9,16 ,DDR4,WINDOWS,SSD,1 YEAR,1 
21990,ASUS,OTHER,4 ,DDR4,WINDOWS,OTHER,1 YEAR,OTHER
30100,Lenovo,OTHER,4 ,DDR4,WINDOWS,SSD,1 YEAR,256 
36990,Lenovo,I3,8 ,DDR4,WINDOWS,SSD,2 YEAR,256 
39990,Lenovo,I3,8 ,DDR4,WINDOWS,SSD,2 YEAR,512 
199990,HP,I7,32 ,DDR5,WINDOWS,SSD,1 YEAR,1 
61130,acer,I5,8 ,DDR4,WINDOWS,SSD,1 YEAR,256 
194990,ASUS,RYZEN,16 ,DDR5,WINDOWS,SSD,1 YEAR,1 
44990,Lenovo,RYZEN,8 ,DDR4,WINDOWS,SSD,2 YEAR,512 
40990,Lenovo,I3,8 ,DDR4,WINDOWS,SSD,1 YEAR,256 
75990,ASUS,I5,8 ,DDR4,WINDOWS,SSD,1 YEAR,1 
46890,HP,I3,8 ,DDR4,WINDOWS,SSD,1 YEAR,512 
37390,Lenovo,I3,8 ,DDR4,WINDOWS,SSD,1 YEAR,256 
36990,Lenovo,I3,8 ,DDR4,WINDOWS,SSD,2 YEAR,256 
39990,Lenovo,I3,8 ,DDR4,WINDOWS,SSD,2 YEAR,512 
68490,Lenovo,I5,16 ,DDR4,WINDOWS,SSD,1 YEAR,512 
19990,ASUS,OTHER,4 ,DDR4,WINDOWS,OTHER,1 YEAR,OTHER
39990,RedmiBook,I5,8 ,DDR4,WINDOWS,SSD,1 YEAR,512 
196990,ASUS,RYZEN,16 ,DDR5,WINDOWS,SSD,1 YEAR,1 
89990,ASUS,I7,16 ,DDR4,WINDOWS,SSD,1 YEAR,512 
59790,DELL,I5,8 ,DDR4,WINDOWS,SSD,1 YEAR,512 
125990,MSI,I9,16 ,DDR4,WINDOWS,SSD,2 YEAR,1 
249990,ASUS,RYZEN,32 ,DDR5,WINDOWS,SSD,1 YEAR,2 
38705,Lenovo,RYZEN,8 ,DDR4,WINDOWS,SSD,2 YEAR,512 
85990,ASUS,RYZEN,16 ,DDR4,WINDOWS,SSD,1 YEAR,1 
149990,ASUS,RYZEN,16 ,DDR5,WINDOWS,SSD,1 YEAR,1 
36990,DELL,OTHER,8 ,DDR4,WINDOWS,SSD,1 YEAR,256 
35590,Lenovo,RYZEN,8 ,DDR4,WINDOWS,SSD,2 YEAR,512 
150990,ASUS,RYZEN,16 ,DDR4,WINDOWS,SSD,1 YEAR,1 
85990,ASUS,I5,16 ,DDR4,WINDOWS,SSD,1 YEAR,512 
60990,HP,RYZEN,8 ,DDR4,WINDOWS,SSD,1 YEAR,512 
87900,DELL,I5,8 ,DDR5,WINDOWS,SSD,1 YEAR,512 
27490,Lenovo,OTHER,4 ,DDR4,WINDOWS,HDD,1 YEAR,1 
36990,DELL,OTHER,8 ,DDR4,WINDOWS,SSD,1 YEAR,256 
249990,ASUS,RYZEN,32 ,DDR5,WINDOWS,SSD,1 YEAR,2 
149990,ASUS,RYZEN,16 ,DDR5,WINDOWS,SSD,1 YEAR,1 
39990,RedmiBook,I5,8 ,DDR4,WINDOWS,SSD,1 YEAR,512 
28999,HP,RYZEN,8 ,DDR4,WINDOWS,HDD,1 YEAR,1 
87900,DELL,I5,8 ,DDR5,WINDOWS,SSD,1 YEAR,512 
117990,acer,I7,16 ,DDR4,WINDOWS,SSD,1 YEAR,512 
38705,Lenovo,RYZEN,8 ,DDR4,WINDOWS,SSD,2 YEAR,512 
85990,ASUS,I5,16 ,DDR4,WINDOWS,SSD,1 YEAR,512 
61497,DELL,I5,8 ,DDR4,WINDOWS,SSD,1 YEAR,256 
70400,HP,RYZEN,8 ,DDR4,WINDOWS,SSD,1 YEAR,512 
196990,ASUS,RYZEN,16 ,DDR5,WINDOWS,SSD,1 YEAR,1 
69000,Lenovo,I5,16 ,DDR4,WINDOWS,SSD,1 YEAR,512 
64490,Lenovo,RYZEN,8 ,DDR4,WINDOWS,SSD,1 YEAR,512 
149990,ASUS,RYZEN,16 ,DDR5,WINDOWS,SSD,1 YEAR,1 
85990,ASUS,RYZEN,16 ,DDR4,WINDOWS,SSD,1 YEAR,1 
96579,HP,RYZEN,8 ,DDR5,WINDOWS,SSD,1 YEAR,512 
101990,DELL,I7,16 ,DDR4,WINDOWS,SSD,1 YEAR,512 
89990,ASUS,I7,16 ,DDR4,WINDOWS,SSD,1 YEAR,512 
35590,Lenovo,RYZEN,8 ,DDR4,WINDOWS,SSD,2 YEAR,512 
94990,HP,RYZEN,8 ,DDR5,WINDOWS,SSD,1 YEAR,512 
314990,MSI,I7,32 ,DDR5,WINDOWS,SSD,2 YEAR,2 
46900,DELL,I3,8 ,DDR4,WINDOWS,SSD,OTHER,256 
150990,ASUS,RYZEN,16 ,DDR4,WINDOWS,SSD,1 YEAR,1 
36990,Lenovo,I3,8 ,DDR4,WINDOWS,SSD,2 YEAR,256 
39990,Lenovo,I3,8 ,DDR4,WINDOWS,SSD,2 YEAR,512 
331990,ASUS,I9,32 ,DDR5,WINDOWS,SSD,1 YEAR,2 
116490,DELL,I7,16 ,DDR5,WINDOWS,SSD,1 YEAR,1 
64590,HP,RYZEN,8 ,DDR4,WINDOWS,SSD,1 YEAR,512 
137990,DELL,I7,16 ,DDR5,WINDOWS,SSD,1 YEAR,1 
39990,RedmiBook,I5,8 ,DDR4,WINDOWS,SSD,1 YEAR,512 
196990,ASUS,RYZEN,16 ,DDR5,WINDOWS,SSD,1 YEAR,1 
55690,DELL,I5,8 ,DDR4,WINDOWS,SSD,1 YEAR,512 
109990,Lenovo,I7,16 ,DDR4,WINDOWS,SSD,1 YEAR,512 
38705,Lenovo,RYZEN,8 ,DDR4,WINDOWS,SSD,2 YEAR,512 
85990,ASUS,RYZEN,16 ,DDR4,WINDOWS,SSD,1 YEAR,1 
79990,ASUS,I7,8 ,DDR4,WINDOWS,SSD,1 YEAR,256 
130500,ASUS,RYZEN,16 ,DDR4,WINDOWS,SSD,1 YEAR,1 
361990,ASUS,RYZEN,32 ,DDR5,WINDOWS,SSD,1 YEAR,2 
211990,ASUS,RYZEN,16 ,DDR5,WINDOWS,SSD,1 YEAR,1 
35590,Lenovo,RYZEN,8 ,DDR4,WINDOWS,SSD,2 YEAR,512 
150990,ASUS,RYZEN,16 ,DDR4,WINDOWS,SSD,1 YEAR,1 
39890,DELL,I3,4 ,DDR4,WINDOWS,SSD,1 YEAR,256 
139990,MSI,I7,16 ,DDR4,WINDOWS,SSD,2 YEAR,1 
73490,Lenovo,RYZEN,8 ,DDR4,WINDOWS,SSD,1 YEAR,512 
194990,ASUS,RYZEN,16 ,DDR5,WINDOWS,SSD,1 YEAR,1 
99990,MSI,I7,16 ,DDR4,WINDOWS,SSD,2 YEAR,256 
66700,HP,I5,16 ,DDR4,WINDOWS,SSD,1 YEAR,512 
68990,DELL,I5,8 ,DDR4,WINDOWS,SSD,1 YEAR,256 
434830,DELL,I9,32 ,DDR4,WINDOWS,SSD,1 YEAR,1 
36990,Lenovo,I3,8 ,DDR4,WINDOWS,SSD,2 YEAR,256 
39990,Lenovo,I3,8 ,DDR4,WINDOWS,SSD,2 YEAR,512 
345390,ALIENWARE,I9,32 ,DDR4,WINDOWS,SSD,1 YEAR,1 
105822,HP,I7,16 ,DDR4,WINDOWS,SSD,1 YEAR,512 
39990,RedmiBook,I5,8 ,DDR4,WINDOWS,SSD,1 YEAR,512 
196990,ASUS,RYZEN,16 ,DDR5,WINDOWS,SSD,1 YEAR,1 
28490,Lenovo,OTHER,4 ,DDR4,OTHER,OTHER,1 YEAR,OTHER
66990,Lenovo,I5,16 ,DDR4,WINDOWS,SSD,1 YEAR,512 
86999,acer,I5,8 ,DDR4,WINDOWS,SSD,1 YEAR,512 
36990,ASUS,I3,8 ,DDR4,WINDOWS,SSD,1 YEAR,256 
38705,Lenovo,RYZEN,8 ,DDR4,WINDOWS,SSD,2 YEAR,512 
85990,ASUS,RYZEN,16 ,DDR4,WINDOWS,SSD,1 YEAR,1 
23250,Lenovo,OTHER,4 ,DDR4,WINDOWS,SSD,1 YEAR,256 
42390,DELL,I3,8 ,DDR4,WINDOWS,SSD,1 YEAR,256 
35590,Lenovo,RYZEN,8 ,DDR4,WINDOWS,SSD,2 YEAR,512 
150990,ASUS,RYZEN,16 ,DDR4,WINDOWS,SSD,1 YEAR,1 
58990,Lenovo,I5,8 ,DDR4,WINDOWS,SSD,1 YEAR,512 
110990,ASUS,I7,16 ,DDR4,WINDOWS,SSD,1 YEAR,1 
74590,acer,I5,8 ,DDR4,WINDOWS,SSD,1 YEAR,128 
71990,DELL,RYZEN,8 ,DDR4,WINDOWS,SSD,1 YEAR,512 
194990,ASUS,RYZEN,16 ,DDR5,WINDOWS,SSD,1 YEAR,1 
44990,Lenovo,RYZEN,8 ,DDR4,WINDOWS,SSD,2 YEAR,512 
84990,Lenovo,I5,16 ,DDR4,WINDOWS,SSD,1 YEAR,512 
119990,ASUS,RYZEN,16 ,DDR5,WINDOWS,SSD,1 YEAR,1 
36990,Lenovo,I3,8 ,DDR4,WINDOWS,SSD,2 YEAR,256 
39990,Lenovo,I3,8 ,DDR4,WINDOWS,SSD,2 YEAR,512 
214990,MSI,I7,32 ,DDR4,WINDOWS,SSD,2 YEAR,1 
48790,MSI,I3,8 ,DDR4,WINDOWS,SSD,1 YEAR,512 
76000,DELL,RYZEN,16 ,DDR4,WINDOWS,SSD,1 YEAR,512 
224990,ASUS,RYZEN,32 ,DDR4,WINDOWS,SSD,1 YEAR,1 
39990,RedmiBook,I5,8 ,DDR4,WINDOWS,SSD,1 YEAR,512 
196990,ASUS,RYZEN,16 ,DDR5,WINDOWS,SSD,1 YEAR,1 
49990,Infinix,I3,8 ,DDR4,WINDOWS,SSD,1 YEAR,512 
164990,ASUS,I7,16 ,DDR5,WINDOWS,SSD,1 YEAR,512 
38705,Lenovo,RYZEN,8 ,DDR4,WINDOWS,SSD,2 YEAR,512 
85990,ASUS,RYZEN,16 ,DDR4,WINDOWS,SSD,1 YEAR,1 
31490,HP,RYZEN,8 ,DDR4,WINDOWS,SSD,1 YEAR,256 
48077,DELL,I3,8 ,DDR4,WINDOWS,SSD,1 YEAR,512 
154990,ASUS,RYZEN,16 ,DDR4,WINDOWS,SSD,1 YEAR,1 
224990,ASUS,I7,32 ,DDR4,WINDOWS,SSD,1 YEAR,1 
35590,Lenovo,RYZEN,8 ,DDR4,WINDOWS,SSD,2 YEAR,512 
150990,ASUS,RYZEN,16 ,DDR4,WINDOWS,SSD,1 YEAR,1 
44990,ASUS,I5,8 ,DDR4,WINDOWS,HDD,1 YEAR,1 
65990,ASUS,I5,8 ,DDR4,WINDOWS,SSD,1 YEAR,512 
73490,Lenovo,RYZEN,8 ,DDR4,WINDOWS,SSD,1 YEAR,512 
194990,ASUS,RYZEN,16 ,DDR5,WINDOWS,SSD,1 YEAR,1 
31990,ASUS,I3,8 ,DDR4,WINDOWS,HDD,1 YEAR,1 
38980,Lenovo,I3,8 ,DDR4,WINDOWS,SSD,2 YEAR,256 
68990,HP,RYZEN,8 ,DDR4,WINDOWS,SSD,1 YEAR,512 
43090,DELL,I3,8 ,DDR4,WINDOWS,SSD,1 YEAR,256 
39990,Lenovo,I3,8 ,DDR4,WINDOWS,SSD,2 YEAR,512 
39990,RedmiBook,I5,8 ,DDR4,WINDOWS,SSD,1 YEAR,512 
154990,ASUS,RYZEN,16 ,DDR4,WINDOWS,SSD,1 YEAR,1 
65990,ASUS,I5,8 ,DDR4,WINDOWS,SSD,1 YEAR,512 
196990,ASUS,RYZEN,16 ,DDR5,WINDOWS,SSD,1 YEAR,1 
38705,Lenovo,RYZEN,8 ,DDR4,WINDOWS,SSD,2 YEAR,512 
49348,DELL,I3,8 ,DDR4,WINDOWS,SSD,1 YEAR,512 
221774,DELL,I7,16 ,DDR5,WINDOWS,SSD,1 YEAR,512 
73990,Lenovo,RYZEN,8 ,DDR4,WINDOWS,SSD,1 YEAR,512 
77990,DELL,RYZEN,16 ,DDR4,WINDOWS,SSD,1 YEAR,512 
85990,ASUS,RYZEN,16 ,DDR4,WINDOWS,SSD,1 YEAR,1 
35590,Lenovo,RYZEN,8 ,DDR4,WINDOWS,SSD,2 YEAR,512 
214790,ALIENWARE,I7,16 ,DDR4,WINDOWS,SSD,1 YEAR,1 
199990,ALIENWARE,I7,16 ,DDR4,WINDOWS,SSD,1 YEAR,512 
150990,ASUS,RYZEN,16 ,DDR4,WINDOWS,SSD,1 YEAR,1 
36990,Lenovo,I3,8 ,DDR4,WINDOWS,SSD,2 YEAR,256 
48077,DELL,I3,8 ,DDR4,WINDOWS,SSD,1 YEAR,512 
52414,DELL,RYZEN,8 ,DDR4,WINDOWS,SSD,1 YEAR,512 
179990,ASUS,I7,16 ,DDR5,WINDOWS,SSD,1 YEAR,1 
25990,ASUS,OTHER,4 ,DDR4,OTHER,OTHER,1 YEAR,OTHER
36990,Lenovo,I3,8 ,DDR4,WINDOWS,SSD,2 YEAR,256 
39990,Lenovo,I3,8 ,DDR4,WINDOWS,SSD,2 YEAR,512 
80615,DELL,I5,16 ,DDR4,WINDOWS,SSD,1 YEAR,512 
155990,ASUS,RYZEN,16 ,DDR5,WINDOWS,SSD,1 YEAR,1 
39990,RedmiBook,I5,8 ,DDR4,WINDOWS,SSD,1 YEAR,512 
196990,ASUS,RYZEN,16 ,DDR5,WINDOWS,SSD,1 YEAR,1 
49990,Infinix,I7,16 ,DDR4,WINDOWS,SSD,1 YEAR,512 
157990,Lenovo,I7,16 ,DDR4,WINDOWS,SSD,1 YEAR,1 
92990,ASUS,I5,16 ,DDR5,WINDOWS,SSD,1 YEAR,512 
171990,ASUS,RYZEN,16 ,DDR5,WINDOWS,SSD,1 YEAR,1 
38705,Lenovo,RYZEN,8 ,DDR4,WINDOWS,SSD,2 YEAR,512 
85990,ASUS,RYZEN,16 ,DDR4,WINDOWS,SSD,1 YEAR,1 
44990,ASUS,I5,8 ,DDR4,WINDOWS,HDD,1 YEAR,1 
151990,ASUS,RYZEN,16 ,DDR5,WINDOWS,SSD,1 YEAR,1 
35590,Lenovo,RYZEN,8 ,DDR4,WINDOWS,SSD,2 YEAR,512 
150990,ASUS,RYZEN,16 ,DDR4,WINDOWS,SSD,1 YEAR,1 
233990,ASUS,I7,16 ,DDR3,WINDOWS,SSD,3 YEAR,2 
76590,DELL,I5,16 ,DDR5,WINDOWS,SSD,1 YEAR,512 
90000,HP,RYZEN,16 ,DDR4,WINDOWS,SSD,1 YEAR,512 
23490,ASUS,OTHER,4 ,DDR4,OTHER,OTHER,1 YEAR,OTHER
73490,Lenovo,RYZEN,8 ,DDR4,WINDOWS,SSD,1 YEAR,512 
194990,ASUS,RYZEN,16 ,DDR5,WINDOWS,SSD,1 YEAR,1 
125990,ASUS,I7,16 ,DDR5,WINDOWS,SSD,1 YEAR,512 
50990,Lenovo,I5,8 ,DDR4,WINDOWS,SSD,1 YEAR,256 
